Workbook

Sheet How to use
B2: Haazir — System Usability Scale scoring
B4: 1. Run the session in docs/sus/questionnaire.md and collect the ten answers per student (1–5).
B5: 2. On the Responses sheet, type or paste each student's answers into the pale-yellow cells, Q1 to Q10 in order.
B6: From a Google Form export: paste the ten answer columns into B2:K, one student per row.
B7: 3. The SUS score and the Check column fill in by themselves. A row scores only when all ten answers are whole numbers from 1 to 5;
B8: anything else shows 'check' and is left out of the statistics, so one typo cannot skew the mean.
B9: 4. The Summary sheet reports the number of valid responses, the mean with its 95% confidence interval, and how it compares with published norms.
B11: Edit only the pale-yellow cells. Every other cell is a formula.
B13: Example of one completed row (not counted anywhere):
B14: Participant | C14: Q1 | D14: Q2 | E14: Q3 | F14: Q4 | G14: Q5 | H14: Q6 | I14: Q7 | J14: Q8 | K14: Q9 | L14: Q10 | M14: SUS score
B15: P-EX | C15: 4 | D15: 2 | E15: 4 | F15: 1 | G15: 4 | H15: 2 | I15: 5 | J15: 1 | K15: 4 | L15: 2 | M15: =((C15-1)+(E15-1)+(G15-1)+(I15-1)+(K15-1)+(5-D15)+(5-F15)+(5-H15)+(5-J15)+(5-L15))*2.5 -> 82.5
B17: Scoring (Brooke, 1996): odd items contribute (answer − 1), even items (5 − answer); the sum is multiplied by 2.5 to give 0–100.

Sheet Responses
A1: Participant | B1: Q1 | C1: Q2 | D1: Q3 | E1: Q4 | F1: Q5 | G1: Q6 | H1: Q7 | I1: Q8 | J1: Q9 | K1: Q10 | L1: SUS score | M1: Check
A2: P001 | L2: =IF(M2="ok",((B2-1)+(D2-1)+(F2-1)+(H2-1)+(J2-1)+(5-C2)+(5-E2)+(5-G2)+(5-I2)+(5-K2))*2.5,"") | M2: =IF(COUNTA(B2:K2)=0,"",IF(COUNT(B2:K2)<>10,"check",IF(AND(MIN(B2:K2)>=1,MAX(B2:K2)<=5,SUMPRODUCT(--(B2:K2=INT(B2:K2)))=10),"ok","check")))
A3: P002 | L3: =IF(M3="ok",((B3-1)+(D3-1)+(F3-1)+(H3-1)+(J3-1)+(5-C3)+(5-E3)+(5-G3)+(5-I3)+(5-K3))*2.5,"") | M3: =IF(COUNTA(B3:K3)=0,"",IF(COUNT(B3:K3)<>10,"check",IF(AND(MIN(B3:K3)>=1,MAX(B3:K3)<=5,SUMPRODUCT(--(B3:K3=INT(B3:K3)))=10),"ok","check")))
A4: P003 | L4: =IF(M4="ok",((B4-1)+(D4-1)+(F4-1)+(H4-1)+(J4-1)+(5-C4)+(5-E4)+(5-G4)+(5-I4)+(5-K4))*2.5,"") | M4: =IF(COUNTA(B4:K4)=0,"",IF(COUNT(B4:K4)<>10,"check",IF(AND(MIN(B4:K4)>=1,MAX(B4:K4)<=5,SUMPRODUCT(--(B4:K4=INT(B4:K4)))=10),"ok","check")))
A5: P004 | L5: =IF(M5="ok",((B5-1)+(D5-1)+(F5-1)+(H5-1)+(J5-1)+(5-C5)+(5-E5)+(5-G5)+(5-I5)+(5-K5))*2.5,"") | M5: =IF(COUNTA(B5:K5)=0,"",IF(COUNT(B5:K5)<>10,"check",IF(AND(MIN(B5:K5)>=1,MAX(B5:K5)<=5,SUMPRODUCT(--(B5:K5=INT(B5:K5)))=10),"ok","check")))
A6: P005 | L6: =IF(M6="ok",((B6-1)+(D6-1)+(F6-1)+(H6-1)+(J6-1)+(5-C6)+(5-E6)+(5-G6)+(5-I6)+(5-K6))*2.5,"") | M6: =IF(COUNTA(B6:K6)=0,"",IF(COUNT(B6:K6)<>10,"check",IF(AND(MIN(B6:K6)>=1,MAX(B6:K6)<=5,SUMPRODUCT(--(B6:K6=INT(B6:K6)))=10),"ok","check")))
A7: P006 | L7: =IF(M7="ok",((B7-1)+(D7-1)+(F7-1)+(H7-1)+(J7-1)+(5-C7)+(5-E7)+(5-G7)+(5-I7)+(5-K7))*2.5,"") | M7: =IF(COUNTA(B7:K7)=0,"",IF(COUNT(B7:K7)<>10,"check",IF(AND(MIN(B7:K7)>=1,MAX(B7:K7)<=5,SUMPRODUCT(--(B7:K7=INT(B7:K7)))=10),"ok","check")))
A8: P007 | L8: =IF(M8="ok",((B8-1)+(D8-1)+(F8-1)+(H8-1)+(J8-1)+(5-C8)+(5-E8)+(5-G8)+(5-I8)+(5-K8))*2.5,"") | M8: =IF(COUNTA(B8:K8)=0,"",IF(COUNT(B8:K8)<>10,"check",IF(AND(MIN(B8:K8)>=1,MAX(B8:K8)<=5,SUMPRODUCT(--(B8:K8=INT(B8:K8)))=10),"ok","check")))
A9: P008 | L9: =IF(M9="ok",((B9-1)+(D9-1)+(F9-1)+(H9-1)+(J9-1)+(5-C9)+(5-E9)+(5-G9)+(5-I9)+(5-K9))*2.5,"") | M9: =IF(COUNTA(B9:K9)=0,"",IF(COUNT(B9:K9)<>10,"check",IF(AND(MIN(B9:K9)>=1,MAX(B9:K9)<=5,SUMPRODUCT(--(B9:K9=INT(B9:K9)))=10),"ok","check")))
A10: P009 | L10: =IF(M10="ok",((B10-1)+(D10-1)+(F10-1)+(H10-1)+(J10-1)+(5-C10)+(5-E10)+(5-G10)+(5-I10)+(5-K10))*2.5,"") | M10: =IF(COUNTA(B10:K10)=0,"",IF(COUNT(B10:K10)<>10,"check",IF(AND(MIN(B10:K10)>=1,MAX(B10:K10)<=5,SUMPRODUCT(--(B10:K10=INT(B10:K10)))=10),"ok","check")))
A11: P010 | L11: =IF(M11="ok",((B11-1)+(D11-1)+(F11-1)+(H11-1)+(J11-1)+(5-C11)+(5-E11)+(5-G11)+(5-I11)+(5-K11))*2.5,"") | M11: =IF(COUNTA(B11:K11)=0,"",IF(COUNT(B11:K11)<>10,"check",IF(AND(MIN(B11:K11)>=1,MAX(B11:K11)<=5,SUMPRODUCT(--(B11:K11=INT(B11:K11)))=10),"ok","check")))
A12: P011 | L12: =IF(M12="ok",((B12-1)+(D12-1)+(F12-1)+(H12-1)+(J12-1)+(5-C12)+(5-E12)+(5-G12)+(5-I12)+(5-K12))*2.5,"") | M12: =IF(COUNTA(B12:K12)=0,"",IF(COUNT(B12:K12)<>10,"check",IF(AND(MIN(B12:K12)>=1,MAX(B12:K12)<=5,SUMPRODUCT(--(B12:K12=INT(B12:K12)))=10),"ok","check")))
A13: P012 | L13: =IF(M13="ok",((B13-1)+(D13-1)+(F13-1)+(H13-1)+(J13-1)+(5-C13)+(5-E13)+(5-G13)+(5-I13)+(5-K13))*2.5,"") | M13: =IF(COUNTA(B13:K13)=0,"",IF(COUNT(B13:K13)<>10,"check",IF(AND(MIN(B13:K13)>=1,MAX(B13:K13)<=5,SUMPRODUCT(--(B13:K13=INT(B13:K13)))=10),"ok","check")))
... A121: P120 | L121: =IF(M121="ok",((B121-1)+(D121-1)+(F121-1)+(H121-1)+(J121-1)+(5-C121)+(5-E121)+(5-G121)+(5-I121)+(5-K121))*2.5,"") | M121: =IF(COUNTA(B121:K121)=0,"",IF(COUNT(B121:K121)<>10,"check",IF(AND(MIN(B121:K121)>=1,MAX(B121:K121)<=5,SUMPRODUCT(--(B121:K121=INT(B121:K121)))=10),"ok","check")))

Sheet Summary
A1: SUS summary
A3: Valid responses | B3: =COUNTIF(Responses!$M$2:$M$121,"ok") -> 0 | C3: Rows whose ten answers are all whole numbers 1–5.
A4: Rows needing a check | B4: =COUNTIF(Responses!$M$2:$M$121,"check") -> 0 | C4: Fix these on the Responses sheet; they are excluded until valid.
A5: Mean SUS score | B5: =IF(B3>0,AVERAGE(Responses!$L$2:$L$121),"")
A6: Standard deviation | B6: =IF(B3>1,STDEV(Responses!$L$2:$L$121),"") | C6: Sample standard deviation.
A7: Median | B7: =IF(B3>0,MEDIAN(Responses!$L$2:$L$121),"")
A8: Lowest | B8: =IF(B3>0,MIN(Responses!$L$2:$L$121),"")
A9: Highest | B9: =IF(B3>0,MAX(Responses!$L$2:$L$121),"")
A10: 95% CI half-width | B10: =IF(B3>1,TINV(0.05,B3-1)*B6/SQRT(B3),"") | C10: t-distribution with n − 1 degrees of freedom: appropriate for small classes.
A11: 95% CI lower bound | B11: =IF(B10="","",B5-B10)
A12: 95% CI upper bound | B12: =IF(B10="","",B5+B10)
A13: Interpretation | B13: =IF(B3=0,"",IF(B5>=80.3,"Grade A — top 10%",IF(B5>=68,"Above average",IF(B5>=51,"Below average","Poor — bottom 15%")))) | C13: Thresholds from Sauro (2011): 68 is the average across published studies; 80.3 marks the top 10%; below 51 the bottom 15%.
A16: Per-item mean (valid responses only)
A17: Item | B17: Mean (1–5) | C17: Statement — odd items: higher is better · even items: lower is better
A18: Q1 | B18: =IF($B$3>0,AVERAGEIFS(Responses!B$2:B$121,Responses!$M$2:$M$121,"ok"),"") | C18: I think that I would like to use the Haazir app frequently.
A19: Q2 | B19: =IF($B$3>0,AVERAGEIFS(Responses!C$2:C$121,Responses!$M$2:$M$121,"ok"),"") | C19: I found the Haazir app unnecessarily complex.
A20: Q3 | B20: =IF($B$3>0,AVERAGEIFS(Responses!D$2:D$121,Responses!$M$2:$M$121,"ok"),"") | C20: I thought the Haazir app was easy to use.
A21: Q4 | B21: =IF($B$3>0,AVERAGEIFS(Responses!E$2:E$121,Responses!$M$2:$M$121,"ok"),"") | C21: I think that I would need the support of a technical person to be able to use the Haazir app.
A22: Q5 | B22: =IF($B$3>0,AVERAGEIFS(Responses!F$2:F$121,Responses!$M$2:$M$121,"ok"),"") | C22: I found the various functions in the Haazir app were well integrated.
A23: Q6 | B23: =IF($B$3>0,AVERAGEIFS(Responses!G$2:G$121,Responses!$M$2:$M$121,"ok"),"") | C23: I thought there was too much inconsistency in the Haazir app.
A24: Q7 | B24: =IF($B$3>0,AVERAGEIFS(Responses!H$2:H$121,Responses!$M$2:$M$121,"ok"),"") | C24: I would imagine that most people would learn to use the Haazir app very quickly.
A25: Q8 | B25: =IF($B$3>0,AVERAGEIFS(Responses!I$2:I$121,Responses!$M$2:$M$121,"ok"),"") | C25: I found the Haazir app very cumbersome to use.
A26: Q9 | B26: =IF($B$3>0,AVERAGEIFS(Responses!J$2:J$121,Responses!$M$2:$M$121,"ok"),"") | C26: I felt very confident using the Haazir app.
A27: Q10 | B27: =IF($B$3>0,AVERAGEIFS(Responses!K$2:K$121,Responses!$M$2:$M$121,"ok"),"") | C27: I needed to learn a lot of things before I could get going with the Haazir app.
A30: Sources
A31: Brooke, J. (1996). SUS: A "quick and dirty" usability scale. In P. W. Jordan et al. (Eds.), Usability evaluation in industry (pp. 189–194). Taylor & Francis.
A32: Sauro, J. (2011). A practical guide to the System Usability Scale: Background, benchmarks & best practices. Measuring Usability LLC.
